{"playerPositionArray":[10.75526237487793,-7.223382472991943,0.0],"distanceTravelled":52.75879669189453,"shotsFired":5,"lastPosition":{"x":10.75526237487793,"y":-7.223382472991943,"z":0.0}}