{"playerPositionArray":[34.8121452331543,-7.224363803863525,0.0],"distanceTravelled":21.489721298217775,"shotsFired":4,"lastPosition":{"x":34.8121452331543,"y":-7.224363803863525,"z":0.0}}